"srednia","moda","mediana","kwartyl_1","kwartyl_3"
12.038025702828559,10.9,11.5,10.899999618530273,12.699999809265137
