"srednia","moda","mediana","kwartyl_1","kwartyl_3"
14.848189254601797,13.4,14.100000381469727,12.899999618530273,15.800000190734863
