"srednia","moda","mediana","kwartyl_1","kwartyl_3"
13.70638628670731,12.5,13.0,12.100000381469727,14.399999618530273
